,numChecklists,numContributors,numSpecies
2018-01-01,1544,608,167
2018-01-02,674,409,157
2018-01-03,741,420,153
2018-01-04,385,309,117
2018-01-05,409,310,128
2018-01-06,623,386,135
2018-01-07,976,487,146
2018-01-08,541,387,142
2018-01-09,593,366,143
2018-01-10,675,423,149
2018-01-11,693,401,149
2018-01-12,391,280,127
2018-01-13,907,456,144
2018-01-14,1105,474,149
2018-01-15,943,464,143
2018-01-16,552,337,145
2018-01-17,440,290,124
2018-01-18,514,317,137
2018-01-19,684,360,139
2018-01-20,1348,510,156
2018-01-21,1169,523,157
2018-01-22,506,342,133
2018-01-23,345,269,121
2018-01-24,447,313,132
2018-01-25,525,319,143
2018-01-26,543,336,140
2018-01-27,1023,490,152
2018-01-28,1028,454,148
2018-01-29,476,324,136
2018-01-30,367,277,132
2018-01-31,454,315,138
2018-02-01,550,343,140
2018-02-02,365,283,131
2018-02-03,903,466,145
2018-02-04,660,406,149
2018-02-05,453,317,131
2018-02-06,467,337,137
2018-02-07,336,268,112
2018-02-08,481,321,134
2018-02-09,528,356,129
2018-02-10,901,481,150
2018-02-11,678,370,136
2018-02-12,484,361,142
2018-02-13,462,333,135
2018-02-14,595,366,137
2018-02-15,576,346,139
2018-02-16,1154,887,144
2018-02-17,2052,1306,159
2018-02-18,2056,1325,161
2018-02-19,1424,1007,148
2018-02-20,637,424,136
2018-02-21,739,477,141
2018-02-22,434,355,137
2018-02-23,529,323,135
2018-02-24,1142,535,154
2018-02-25,773,392,138
2018-02-26,691,427,140
2018-02-27,721,453,151
2018-02-28,696,444,148
2018-03-01,647,423,144
2018-03-02,402,314,111
2018-03-03,870,457,153
2018-03-04,992,494,156
2018-03-05,514,349,139
2018-03-06,595,399,151
2018-03-07,406,297,124
2018-03-08,469,334,135
2018-03-09,450,324,129
2018-03-10,865,461,153
2018-03-11,976,491,151
2018-03-12,489,379,140
2018-03-13,382,288,121
2018-03-14,369,299,121
2018-03-15,460,319,131
2018-03-16,479,358,141
2018-03-17,765,476,156
2018-03-18,834,466,159
2018-03-19,537,379,151
2018-03-20,518,348,145
2018-03-21,417,303,128
2018-03-22,488,344,136
2018-03-23,527,364,146
2018-03-24,861,482,159
2018-03-25,903,494,154
2018-03-26,583,386,152
2018-03-27,513,359,154
2018-03-28,596,405,151
2018-03-29,573,381,156
2018-03-30,834,473,169
2018-03-31,1376,662,176
2018-04-01,944,541,167
2018-04-02,742,476,162
2018-04-03,520,359,148
2018-04-04,515,352,146
2018-04-05,737,459,160
2018-04-06,591,423,162
2018-04-07,1159,618,171
2018-04-08,1155,624,175
2018-04-09,715,487,164
2018-04-10,661,458,172
2018-04-11,769,532,175
2018-04-12,871,563,179
2018-04-13,1061,672,186
2018-04-14,1434,813,194
2018-04-15,1030,570,191
2018-04-16,574,427,188
2018-04-17,854,583,198
2018-04-18,929,602,204
2018-04-19,737,488,197
2018-04-20,944,630,206
2018-04-21,1715,871,212
2018-04-22,1414,809,205
2018-04-23,991,640,200
2018-04-24,943,599,204
2018-04-25,540,387,184
2018-04-26,800,540,207
2018-04-27,892,576,218
2018-04-28,1413,773,235
2018-04-29,1063,686,225
2018-04-30,665,488,211
2018-05-01,1128,732,232
2018-05-02,1258,821,233
2018-05-03,1319,838,237
2018-05-04,1215,796,249
2018-05-05,2857,1260,265
2018-05-06,1331,839,252
2018-05-07,1084,729,247
2018-05-08,1153,753,249
2018-05-09,1083,742,248
2018-05-10,1061,696,240
2018-05-11,1338,805,253
2018-05-12,1503,853,261
2018-05-13,1334,802,261
2018-05-14,1149,757,247
2018-05-15,1129,737,251
2018-05-16,1016,679,240
2018-05-17,1166,730,249
2018-05-18,1146,699,251
2018-05-19,1083,523,254
2018-05-20,1414,832,263
2018-05-21,1137,711,253
2018-05-22,681,483,239
2018-05-23,944,654,251
2018-05-24,832,557,240
2018-05-25,897,592,234
2018-05-26,1078,679,254
2018-05-27,744,504,240
2018-05-28,830,580,249
2018-05-29,533,410,227
2018-05-30,628,427,233
2018-05-31,523,388,229
2018-06-01,552,396,220
2018-06-02,798,522,240
2018-06-03,937,520,237
2018-06-04,492,376,207
2018-06-05,514,368,225
2018-06-06,548,401,227
2018-06-07,566,411,220
2018-06-08,588,433,228
2018-06-09,1032,567,248
2018-06-10,860,525,235
2018-06-11,614,415,224
2018-06-12,596,402,204
2018-06-13,500,359,216
2018-06-14,476,378,196
2018-06-15,795,438,228
2018-06-16,836,552,228
2018-06-17,707,489,214
2018-06-18,413,316,187
2018-06-19,476,348,226
2018-06-20,495,360,205
2018-06-21,450,349,210
2018-06-22,556,363,214
2018-06-23,575,424,223
2018-06-24,561,398,217
2018-06-25,476,342,208
2018-06-26,466,335,217
2018-06-27,326,284,213
2018-06-28,361,277,187
2018-06-29,457,342,200
2018-06-30,549,395,217
2018-07-01,470,348,216
2018-07-02,327,264,205
2018-07-03,359,299,207
2018-07-04,494,347,220
2018-07-05,437,292,215
2018-07-06,450,319,216
2018-07-07,696,466,223
2018-07-08,607,409,225
2018-07-09,500,333,210
2018-07-10,388,306,201
2018-07-11,438,333,211
2018-07-12,468,338,208
2018-07-13,539,353,213
2018-07-14,817,433,232
2018-07-15,764,385,225
2018-07-16,391,294,214
2018-07-17,408,274,211
2018-07-18,467,332,216
2018-07-19,609,356,214
2018-07-20,501,365,225
2018-07-21,575,421,216
2018-07-22,503,356,215
2018-07-23,438,312,208
2018-07-24,444,317,193
2018-07-25,412,290,208
2018-07-26,463,330,215
2018-07-27,498,341,219
2018-07-28,577,393,222
2018-07-29,641,449,225
2018-07-30,464,333,214
2018-07-31,448,332,212
2018-08-01,397,296,208
2018-08-02,367,303,192
2018-08-03,446,321,201
2018-08-04,560,389,213
2018-08-05,609,384,231
2018-08-06,368,286,209
2018-08-07,399,283,202
2018-08-08,404,299,210
2018-08-09,403,282,198
2018-08-10,450,340,210
2018-08-11,433,322,216
2018-08-12,589,410,219
2018-08-13,331,289,196
2018-08-14,359,288,182
2018-08-15,425,328,215
2018-08-16,435,349,215
2018-08-17,381,306,199
2018-08-18,492,383,216
2018-08-19,611,419,231
2018-08-20,1094,401,226
2018-08-21,453,337,217
2018-08-22,420,297,207
2018-08-23,520,372,223
2018-08-24,521,375,228
2018-08-25,728,464,238
2018-08-26,732,427,228
2018-08-27,400,323,209
2018-08-28,379,309,205
2018-08-29,352,270,203
2018-08-30,466,349,218
2018-08-31,563,370,220
2018-09-01,735,480,233
2018-09-02,674,434,231
2018-09-03,546,420,228
2018-09-04,383,322,213
2018-09-05,419,307,219
2018-09-06,405,325,207
2018-09-07,523,362,222
2018-09-08,804,552,240
2018-09-09,699,475,229
2018-09-10,327,271,197
2018-09-11,556,387,211
2018-09-12,529,388,218
2018-09-13,468,350,204
2018-09-14,628,396,222
2018-09-15,1190,547,246
2018-09-16,730,508,228
2018-09-17,455,355,214
2018-09-18,478,331,202
2018-09-19,677,464,214
2018-09-20,553,403,213
2018-09-21,450,344,200
2018-09-22,790,510,230
2018-09-23,693,500,230
2018-09-24,482,365,206
2018-09-25,293,244,186
2018-09-26,461,324,192
2018-09-27,513,377,205
2018-09-28,457,351,201
2018-09-29,771,526,235
2018-09-30,743,510,235
2018-10-01,408,338,194
2018-10-02,377,308,202
2018-10-03,529,380,204
2018-10-04,479,379,199
2018-10-05,761,478,213
2018-10-06,1265,643,230
2018-10-07,817,465,219
2018-10-08,602,422,209
2018-10-09,507,369,210
2018-10-10,493,392,204
2018-10-11,361,280,202
2018-10-12,496,378,211
2018-10-13,830,512,219
2018-10-14,934,609,220
2018-10-15,395,300,184
2018-10-16,575,439,197
2018-10-17,530,408,201
2018-10-18,567,395,205
2018-10-19,618,453,207
2018-10-20,918,551,210
2018-10-21,827,550,214
2018-10-22,587,455,196
2018-10-23,598,410,198
2018-10-24,507,380,190
2018-10-25,633,461,201
2018-10-26,623,451,202
2018-10-27,445,318,187
2018-10-28,919,558,208
2018-10-29,484,369,181
2018-10-30,596,441,192
2018-10-31,500,395,191
2018-11-01,496,385,182
2018-11-02,473,348,171
2018-11-03,659,444,185
2018-11-04,1304,632,204
2018-11-05,423,321,154
2018-11-06,383,294,148
2018-11-07,495,384,176
2018-11-08,606,400,167
2018-11-09,401,347,166
2018-11-10,793,482,179
2018-11-11,876,540,186
2018-11-12,659,453,177
2018-11-13,403,315,147
2018-11-14,427,350,163
2018-11-15,465,356,155
2018-11-16,402,341,151
2018-11-17,850,545,175
2018-11-18,861,535,172
2018-11-19,512,406,156
2018-11-20,483,360,162
2018-11-21,501,384,160
2018-11-22,558,395,153
2018-11-23,668,415,164
2018-11-24,823,521,172
2018-11-25,802,553,167
2018-11-26,326,259,143
2018-11-27,355,299,142
2018-11-28,354,287,135
2018-11-29,490,359,148
2018-11-30,463,340,150
2018-12-01,992,496,170
2018-12-02,625,397,161
2018-12-03,482,369,142
2018-12-04,491,337,142
2018-12-05,506,362,148
2018-12-06,526,352,144
2018-12-07,499,354,149
2018-12-08,919,486,161
2018-12-09,854,502,167
2018-12-10,468,331,150
2018-12-11,474,323,146
2018-12-12,502,369,147
2018-12-13,431,319,147
2018-12-14,539,348,144
2018-12-15,1743,558,173
2018-12-16,978,380,151
2018-12-17,374,298,139
2018-12-18,391,290,124
2018-12-19,464,346,153
2018-12-20,456,337,150
2018-12-21,294,236,117
2018-12-22,655,391,140
2018-12-23,839,449,155
2018-12-24,444,328,148
2018-12-25,511,360,144
2018-12-26,562,379,154
2018-12-27,802,438,160
2018-12-28,413,253,127
2018-12-29,1197,527,168
2018-12-30,768,453,152
2018-12-31,651,416,149
2019-01-01,2080,768,163
2019-01-02,957,568,160
2019-01-03,872,520,157
2019-01-04,968,590,158
2019-01-05,1214,571,156
2019-01-06,1354,676,164
2019-01-07,648,474,149
2019-01-08,635,441,151
2019-01-09,600,414,149
2019-01-10,553,403,146
2019-01-11,789,453,158
2019-01-12,1274,626,173
2019-01-13,1343,595,171
2019-01-14,603,416,150
2019-01-15,672,425,159
2019-01-16,690,425,155
2019-01-17,649,448,151
2019-01-18,630,436,154
2019-01-19,1303,592,162
2019-01-20,592,445,139
2019-01-21,591,431,142
2019-01-22,564,397,147
2019-01-23,566,414,148
2019-01-24,344,275,110
2019-01-25,646,436,150
2019-01-26,1342,603,160
2019-01-27,992,576,158
2019-01-28,608,397,142
2019-01-29,491,363,144
2019-01-30,402,326,129
2019-01-31,410,343,133
2019-02-01,535,404,148
2019-02-02,1218,586,159
2019-02-03,1207,684,155
2019-02-04,747,500,149
2019-02-05,687,468,148
2019-02-06,506,395,146
2019-02-07,531,390,141
2019-02-08,509,393,142
2019-02-09,934,501,154
2019-02-10,1479,646,163
2019-02-11,623,412,152
2019-02-12,408,355,116
2019-02-13,428,351,131
2019-02-14,591,427,145
2019-02-15,1483,1071,154
2019-02-16,2231,1460,167
2019-02-17,2299,1449,159
2019-02-18,1532,1177,145
2019-02-19,576,425,149
2019-02-20,621,415,140
2019-02-21,583,413,144
2019-02-22,743,482,151
2019-02-23,1378,624,159
2019-02-24,734,450,147
2019-02-25,383,320,123
2019-02-26,502,374,139
2019-02-27,476,355,131
2019-02-28,502,377,137
2019-03-01,677,428,145
2019-03-02,957,535,148
2019-03-03,1193,596,157
2019-03-04,494,382,145
2019-03-05,561,384,152
2019-03-06,475,372,142
2019-03-07,569,407,138
2019-03-08,669,476,145
2019-03-09,1388,671,155
2019-03-10,655,401,143
2019-03-11,633,447,146
2019-03-12,656,450,145
2019-03-13,903,515,153
2019-03-14,992,623,156
2019-03-15,1085,652,153
2019-03-16,1233,681,158
2019-03-17,1157,679,156
2019-03-18,764,511,156
2019-03-19,795,529,152
2019-03-20,928,609,154
2019-03-21,646,413,150
2019-03-22,525,413,136
2019-03-23,1053,588,156
2019-03-24,1508,776,167
2019-03-25,748,526,147
2019-03-26,796,535,150
2019-03-27,841,552,153
2019-03-28,810,576,159
2019-03-29,841,543,161
2019-03-30,1451,793,166
2019-03-31,1090,654,165
2019-04-01,748,532,160
2019-04-02,892,575,156
2019-04-03,800,554,158
2019-04-04,831,579,155
2019-04-05,598,478,162
2019-04-06,1543,835,174
2019-04-07,1436,855,174
2019-04-08,854,601,170
2019-04-09,849,615,167
2019-04-10,807,616,167
2019-04-11,797,589,164
2019-04-12,942,662,179
2019-04-13,1541,854,187
2019-04-14,1513,809,193
2019-04-15,731,537,182
2019-04-16,971,675,182
2019-04-17,1076,738,190
2019-04-18,939,627,186
2019-04-19,1110,745,199
2019-04-20,1225,681,197
2019-04-21,1376,836,205
2019-04-22,970,661,204
2019-04-23,1053,736,205
2019-04-24,1075,721,215
2019-04-25,1174,746,217
2019-04-26,698,520,203
2019-04-27,1197,753,222
2019-04-28,1069,718,222
2019-04-29,908,668,217
2019-04-30,1039,711,234
2019-05-01,1113,806,231
2019-05-02,1518,1027,251
2019-05-03,1432,1012,237
2019-05-04,3290,1618,262
2019-05-05,1412,963,242
2019-05-06,1581,1050,242
2019-05-07,1320,979,241
2019-05-08,1460,1016,236
2019-05-09,1166,859,236
2019-05-10,1193,854,246
2019-05-11,2398,1316,256
2019-05-12,953,646,227
2019-05-13,761,578,237
2019-05-14,966,732,242
2019-05-15,1369,928,256
2019-05-16,1590,996,258
2019-05-17,1371,897,254
2019-05-18,2409,1150,258
2019-05-19,1626,955,252
2019-05-20,997,703,253
2019-05-21,1099,697,251
2019-05-22,1066,753,249
2019-05-23,863,625,242
2019-05-24,956,658,253
2019-05-25,1516,850,257
2019-05-26,1402,821,241
2019-05-27,1230,776,249
2019-05-28,580,465,232
2019-05-29,777,539,237
2019-05-30,769,545,245
2019-05-31,913,619,237
2019-06-01,1157,717,243
2019-06-02,905,596,238
2019-06-03,571,455,219
2019-06-04,716,517,225
2019-06-05,608,441,219
2019-06-06,702,496,221
2019-06-07,839,581,231
2019-06-08,1277,702,237
2019-06-09,1177,613,226
2019-06-10,597,388,201
2019-06-11,556,429,211
2019-06-12,766,513,219
2019-06-13,486,346,203
2019-06-14,833,466,220
2019-06-15,927,623,227
2019-06-16,606,458,219
2019-06-17,708,488,210
2019-06-18,503,358,200
2019-06-19,568,413,208
2019-06-20,399,328,195
2019-06-21,518,389,212
2019-06-22,996,611,229
2019-06-23,825,589,210
2019-06-24,565,417,205
2019-06-25,412,317,186
2019-06-26,579,393,204
2019-06-27,666,369,212
2019-06-28,590,377,205
2019-06-29,633,446,217
2019-06-30,606,468,210
2019-07-01,557,438,199
2019-07-02,517,397,199
2019-07-03,579,396,206
2019-07-04,771,510,219
2019-07-05,613,447,217
2019-07-06,627,459,216
2019-07-07,737,524,221
2019-07-08,620,414,214
2019-07-09,534,409,204
2019-07-10,473,368,206
2019-07-11,476,380,206
2019-07-12,563,413,210
2019-07-13,843,532,219
2019-07-14,762,487,214
2019-07-15,513,388,215
2019-07-16,439,360,206
2019-07-17,382,302,203
2019-07-18,507,381,205
2019-07-19,483,396,212
2019-07-20,559,394,219
2019-07-21,519,386,216
2019-07-22,871,386,207
2019-07-23,501,363,196
2019-07-24,481,389,203
2019-07-25,546,409,205
2019-07-26,475,372,208
2019-07-27,560,415,216
2019-07-28,570,432,208
2019-07-29,433,343,200
2019-07-30,405,333,203
2019-07-31,481,363,201
2019-08-01,548,401,215
2019-08-02,538,418,207
2019-08-03,693,471,215
2019-08-04,744,496,225
2019-08-05,555,427,218
2019-08-06,461,357,203
2019-08-07,472,349,200
2019-08-08,496,375,206
2019-08-09,531,404,207
2019-08-10,729,514,220
2019-08-11,705,518,221
2019-08-12,594,436,210
2019-08-13,462,365,206
2019-08-14,614,416,222
2019-08-15,542,423,205
2019-08-16,573,404,210
2019-08-17,727,515,232
2019-08-18,714,510,234
2019-08-19,492,393,218
2019-08-20,568,408,223
2019-08-21,457,366,210
2019-08-22,504,378,220
2019-08-23,604,455,229
2019-08-24,899,578,234
2019-08-25,761,568,232
2019-08-26,555,428,217
2019-08-27,530,444,214
2019-08-28,529,393,210
2019-08-29,639,462,226
2019-08-30,651,484,225
2019-08-31,874,584,238
2019-09-01,871,550,234
2019-09-02,704,473,233
2019-09-03,622,452,232
2019-09-04,513,382,215
2019-09-05,730,505,218
2019-09-06,610,443,219
2019-09-07,1234,672,248
2019-09-08,868,606,234
2019-09-09,647,476,227
2019-09-10,597,449,219
2019-09-11,546,427,209
2019-09-12,506,387,215
2019-09-13,738,505,227
2019-09-14,927,582,241
2019-09-15,1030,634,235
2019-09-16,631,465,227
2019-09-17,703,497,216
2019-09-18,674,488,220
2019-09-19,608,478,211
2019-09-20,602,490,215
2019-09-21,829,609,232
2019-09-22,1076,516,226
2019-09-23,482,369,210
2019-09-24,627,431,216
2019-09-25,678,498,229
2019-09-26,476,391,201
2019-09-27,653,498,216
2019-09-28,806,534,228
2019-09-29,787,591,224
2019-09-30,653,459,230
2019-10-01,638,492,209
2019-10-02,553,436,209
2019-10-03,413,349,201
2019-10-04,652,482,212
2019-10-05,1284,684,239
2019-10-06,714,514,219
2019-10-07,479,385,201
2019-10-08,599,451,211
2019-10-09,571,410,197
2019-10-10,599,479,208
2019-10-11,616,452,201
2019-10-12,1027,611,214
2019-10-13,881,598,213
2019-10-14,647,478,208
2019-10-15,635,505,206
2019-10-16,412,342,175
2019-10-17,375,309,170
2019-10-18,663,441,192
2019-10-19,1312,767,228
2019-10-20,835,555,212
2019-10-21,605,460,196
2019-10-22,460,373,175
2019-10-23,601,464,193
2019-10-24,583,470,195
2019-10-25,639,473,192
2019-10-26,932,611,201
2019-10-27,465,342,171
2019-10-28,638,484,192
2019-10-29,477,406,175
2019-10-30,531,393,178
2019-10-31,354,307,159
2019-11-01,501,370,178
2019-11-02,1076,626,191
2019-11-03,906,545,198
2019-11-04,588,457,183
2019-11-05,514,397,175
2019-11-06,618,448,172
2019-11-07,480,348,163
2019-11-08,585,427,161
2019-11-09,996,584,183
2019-11-10,839,553,175
2019-11-11,568,435,169
2019-11-12,432,337,140
2019-11-13,536,394,148
2019-11-14,516,389,151
2019-11-15,577,429,163
2019-11-16,980,560,176
2019-11-17,881,559,166
2019-11-18,466,352,146
2019-11-19,540,398,163
2019-11-20,502,379,160
2019-11-21,583,399,164
2019-11-22,442,331,144
2019-11-23,1020,576,171
2019-11-24,508,349,140
2019-11-25,522,392,154
2019-11-26,574,430,153
2019-11-27,517,374,155
2019-11-28,483,354,147
2019-11-29,729,462,161
2019-11-30,811,499,162
2019-12-01,569,396,152
2019-12-02,386,323,132
2019-12-03,427,354,146
2019-12-04,490,344,158
2019-12-05,471,351,148
2019-12-06,468,361,149
2019-12-07,1023,513,170
2019-12-08,806,513,164
2019-12-09,304,260,127
2019-12-10,355,291,124
2019-12-11,424,324,130
2019-12-12,515,371,152
2019-12-13,460,329,151
2019-12-14,1301,436,163
2019-12-15,1320,537,170
2019-12-16,478,364,147
2019-12-17,293,274,109
2019-12-18,437,340,148
2019-12-19,476,317,123
2019-12-20,573,371,149
2019-12-21,1076,490,164
2019-12-22,942,493,155
2019-12-23,604,433,155
2019-12-24,583,420,149
2019-12-25,537,407,144
2019-12-26,588,423,152
2019-12-27,846,424,167
2019-12-28,1365,569,174
2019-12-29,774,496,161
2019-12-30,465,315,133
2019-12-31,633,434,155
2020-01-01,2279,916,169
2020-01-02,1200,652,167
2020-01-03,902,547,155
2020-01-04,1333,581,166
2020-01-05,1350,681,155
2020-01-06,691,511,149
2020-01-07,796,522,161
2020-01-08,660,454,145
2020-01-09,708,478,154
2020-01-10,732,487,158
2020-01-11,1232,705,164
2020-01-12,1140,674,160
2020-01-13,727,478,154
2020-01-14,705,466,153
2020-01-15,873,538,155
2020-01-16,518,392,131
2020-01-17,654,443,149
2020-01-18,1253,607,156
2020-01-19,1194,609,158
2020-01-20,1063,581,163
2020-01-21,726,472,157
2020-01-22,791,492,157
2020-01-23,749,511,157
2020-01-24,896,534,161
2020-01-25,674,468,161
2020-01-26,1295,647,165
2020-01-27,601,429,146
2020-01-28,575,452,154
2020-01-29,664,480,148
2020-01-30,650,437,141
2020-01-31,723,484,154
2020-02-01,1431,681,168
2020-02-02,1365,659,173
2020-02-03,799,537,153
2020-02-04,672,452,155
2020-02-05,655,445,144
2020-02-06,419,350,130
2020-02-07,401,352,122
2020-02-08,1068,642,161
2020-02-09,1128,676,175
2020-02-10,511,380,145
2020-02-11,592,402,147
2020-02-12,703,485,155
2020-02-13,454,390,135
2020-02-14,1732,1319,151
2020-02-15,2580,1806,165
2020-02-16,2632,1761,171
2020-02-17,2006,1430,164
2020-02-18,553,423,149
2020-02-19,756,516,152
2020-02-20,730,505,148
2020-02-21,660,476,152
2020-02-22,1386,735,172
2020-02-23,1446,786,171
2020-02-24,944,633,158
2020-02-25,640,491,140
2020-02-26,595,450,143
2020-02-27,505,417,129
2020-02-28,590,457,141
2020-02-29,1036,637,161
2020-03-01,1407,735,168
2020-03-02,871,610,148
2020-03-03,826,575,153
2020-03-04,828,573,147
2020-03-05,1044,693,154
2020-03-06,787,592,145
2020-03-07,1216,714,156
2020-03-08,1664,879,165
2020-03-09,1044,713,153
2020-03-10,807,553,145
2020-03-11,937,615,148
2020-03-12,897,589,154
2020-03-13,696,531,146
2020-03-14,1590,842,169
2020-03-15,1394,823,165
2020-03-16,852,593,151
2020-03-17,779,535,146
2020-03-18,1133,782,160
2020-03-19,987,662,154
2020-03-20,980,721,161
2020-03-21,1409,900,166
2020-03-22,1356,886,164
2020-03-23,614,481,139
2020-03-24,1077,772,152
2020-03-25,1023,691,154
2020-03-26,1414,908,159
2020-03-27,1427,963,170
2020-03-28,1223,814,162
2020-03-29,1127,760,163
2020-03-30,1002,737,165
2020-03-31,1180,798,165
2020-04-01,1331,944,169
2020-04-02,1083,817,162
2020-04-03,832,667,157
2020-04-04,1717,1048,177
2020-04-05,2045,1140,180
2020-04-06,1447,1037,180
2020-04-07,1500,1047,173
2020-04-08,1357,927,176
2020-04-09,944,704,172
2020-04-10,858,671,163
2020-04-11,1680,1066,185
2020-04-12,1813,1167,187
2020-04-13,757,554,161
2020-04-14,1509,1020,189
2020-04-15,1234,896,178
2020-04-16,1055,836,182
2020-04-17,1232,856,181
2020-04-18,1521,1001,193
2020-04-19,2002,1240,204
2020-04-20,1590,1079,199
2020-04-21,1072,807,196
2020-04-22,1075,830,187
2020-04-23,1416,966,200
2020-04-24,1320,878,204
2020-04-25,2688,1527,229
2020-04-26,1177,838,209
2020-04-27,1168,858,201
2020-04-28,1898,1257,223
2020-04-29,1728,1182,231
2020-04-30,1185,879,225
2020-05-01,1956,1250,237
2020-05-02,3006,1702,247
2020-05-03,2973,1774,246
2020-05-04,1718,1276,237
2020-05-05,1995,1424,242
2020-05-06,1739,1207,235
2020-05-07,1913,1420,238
2020-05-08,1734,1272,250
2020-05-09,4535,2090,245
2020-05-10,2312,1630,242
2020-05-11,1966,1422,248
2020-05-12,2137,1508,247
2020-05-13,2340,1638,246
2020-05-14,2454,1688,254
2020-05-15,2294,1590,254
2020-05-16,3653,2036,260
2020-05-17,2743,1748,253
2020-05-18,1692,1260,240
2020-05-19,2000,1372,247
2020-05-20,1910,1304,244
2020-05-21,1807,1206,252
2020-05-22,1717,1222,248
2020-05-23,1668,1064,249
2020-05-24,2250,1375,255
2020-05-25,1808,1220,251
2020-05-26,1394,974,238
2020-05-27,1432,998,247
2020-05-28,1123,832,236
2020-05-29,1006,766,234
2020-05-30,1708,1049,249
2020-05-31,1465,1042,245
2020-06-01,1208,850,239
2020-06-02,1161,817,243
2020-06-03,1129,783,224
2020-06-04,1197,843,228
2020-06-05,1081,747,231
2020-06-06,1470,905,240
2020-06-07,1676,1037,231
2020-06-08,1207,816,223
2020-06-09,1268,795,231
2020-06-10,1005,711,211
2020-06-11,866,655,213
2020-06-12,1176,778,219
2020-06-13,1753,947,236
2020-06-14,1650,989,224
2020-06-15,1233,802,227
2020-06-16,1166,786,220
2020-06-17,1087,744,218
2020-06-18,1029,720,226
2020-06-19,1131,738,221
2020-06-20,1225,838,225
2020-06-21,1198,833,212
2020-06-22,881,632,205
2020-06-23,828,640,204
2020-06-24,954,656,200
2020-06-25,978,732,217
2020-06-26,1098,763,210
2020-06-27,992,749,220
2020-06-28,1096,781,231
2020-06-29,918,631,206
2020-06-30,829,669,212
2020-07-01,933,659,211
2020-07-02,973,670,211
2020-07-03,1049,723,215
2020-07-04,1246,846,229
2020-07-05,1058,773,223
2020-07-06,879,621,203
2020-07-07,784,604,204
2020-07-08,743,582,208
2020-07-09,822,594,215
2020-07-10,769,572,224
2020-07-11,935,689,223
2020-07-12,1205,806,222
2020-07-13,791,610,217
2020-07-14,877,635,218
2020-07-15,807,617,214
2020-07-16,789,577,211
2020-07-17,836,600,220
2020-07-18,1000,685,219
2020-07-19,962,636,218
2020-07-20,621,515,205
2020-07-21,826,592,216
2020-07-22,723,545,215
2020-07-23,697,535,214
2020-07-24,885,629,224
2020-07-25,933,705,225
2020-07-26,846,652,217
2020-07-27,583,502,212
2020-07-28,681,553,200
2020-07-29,723,568,220
2020-07-30,765,583,211
2020-07-31,815,592,214
2020-08-01,971,737,227
2020-08-02,804,590,204
2020-08-03,714,572,197
2020-08-04,643,489,200
2020-08-05,800,605,206
2020-08-06,758,641,223
2020-08-07,712,559,223
2020-08-08,978,701,229
2020-08-09,867,688,218
2020-08-10,632,528,217
2020-08-11,678,544,212
2020-08-12,702,550,222
2020-08-13,704,524,219
2020-08-14,755,616,219
2020-08-15,999,739,231
2020-08-16,900,645,224
2020-08-17,781,586,225
2020-08-18,795,600,222
2020-08-19,879,625,235
2020-08-20,910,670,233
2020-08-21,872,662,228
2020-08-22,972,726,238
2020-08-23,964,736,236
2020-08-24,691,555,224
2020-08-25,717,574,228
2020-08-26,1055,739,232
2020-08-27,689,554,219
2020-08-28,1005,714,234
2020-08-29,826,626,228
2020-08-30,1240,822,235
2020-08-31,971,721,236
2020-09-01,815,621,231
2020-09-02,678,528,223
2020-09-03,914,664,231
2020-09-04,932,703,237
2020-09-05,1340,919,243
2020-09-06,1242,927,247
2020-09-07,1028,777,235
2020-09-08,834,662,228
2020-09-09,829,671,230
2020-09-10,691,566,224
2020-09-11,996,717,241
2020-09-12,1497,988,243
2020-09-13,1092,781,239
2020-09-14,800,614,228
2020-09-15,1110,870,227
2020-09-16,916,716,231
2020-09-17,871,686,239
2020-09-18,934,699,228
2020-09-19,1557,1044,251
2020-09-20,1209,890,241
2020-09-21,825,670,221
2020-09-22,877,705,226
2020-09-23,984,752,227
2020-09-24,1001,755,238
2020-09-25,947,775,239
2020-09-26,1237,871,246
2020-09-27,1134,860,228
2020-09-28,818,617,221
2020-09-29,719,564,222
2020-09-30,768,583,216
2020-10-01,948,730,229
2020-10-02,904,718,231
2020-10-03,1523,1086,237
2020-10-04,1367,982,241
2020-10-05,807,664,224
2020-10-06,815,674,219
2020-10-07,728,596,214
2020-10-08,903,734,219
2020-10-09,1118,852,228
2020-10-10,1556,976,229
2020-10-11,1393,991,232
2020-10-12,777,651,210
2020-10-13,749,601,211
2020-10-14,1157,826,230
2020-10-15,917,732,220
2020-10-16,696,549,203
2020-10-17,2420,1279,240
2020-10-18,1295,950,229
2020-10-19,776,663,197
2020-10-20,758,638,211
2020-10-21,770,624,205
2020-10-22,866,708,204
2020-10-23,1009,771,220
2020-10-24,1225,832,223
2020-10-25,1515,1012,228
2020-10-26,656,573,193
2020-10-27,1002,778,207
2020-10-28,932,703,201
2020-10-29,602,471,176
2020-10-30,820,627,189
2020-10-31,1559,1033,215
2020-11-01,1067,803,201
2020-11-02,769,606,187
2020-11-03,1061,778,198
2020-11-04,987,758,201
2020-11-05,884,720,191
2020-11-06,1003,772,207
2020-11-07,1330,966,212
2020-11-08,1440,982,202
2020-11-09,926,700,206
2020-11-10,905,716,195
2020-11-11,789,612,189
2020-11-12,706,540,169
2020-11-13,795,586,185
2020-11-14,1422,964,196
2020-11-15,957,713,191
2020-11-16,710,539,166
2020-11-17,686,551,181
2020-11-18,709,569,170
2020-11-19,751,617,178
2020-11-20,927,699,189
2020-11-21,1458,994,192
2020-11-22,1090,770,186
2020-11-23,659,504,164
2020-11-24,930,653,179
2020-11-25,933,627,182
2020-11-26,795,611,169
2020-11-27,1264,829,186
2020-11-28,1273,864,185
2020-11-29,1265,876,186
2020-11-30,445,349,149
2020-12-01,715,557,169
2020-12-02,647,515,157
2020-12-03,767,584,164
2020-12-04,697,520,162
2020-12-05,796,533,154
2020-12-06,1148,750,176
2020-12-07,638,531,168
2020-12-08,665,522,165
2020-12-09,548,494,157
2020-12-10,691,525,168
2020-12-11,885,633,181
2020-12-12,998,630,178
2020-12-13,1146,809,180
2020-12-14,609,456,158
2020-12-15,740,587,167
2020-12-16,663,521,165
2020-12-17,613,559,144
2020-12-18,762,567,164
2020-12-19,2147,868,179
2020-12-20,1426,718,174
2020-12-21,729,536,160
2020-12-22,648,541,162
2020-12-23,837,612,170
2020-12-24,627,542,156
2020-12-25,532,452,137
2020-12-26,1419,725,164
2020-12-27,1392,855,176
2020-12-28,912,635,164
2020-12-29,1008,616,161
2020-12-30,893,650,164
2020-12-31,862,607,160
2021-01-01,3166,1330,180
2021-01-02,2321,1183,185
2021-01-03,1483,929,174
2021-01-04,1235,803,175
2021-01-05,1182,764,169
2021-01-06,1063,757,164
2021-01-07,1064,734,174
2021-01-08,1182,785,163
2021-01-09,1889,1028,172
2021-01-10,1698,1037,176
2021-01-11,953,660,156
2021-01-12,988,682,167
2021-01-13,953,693,158
2021-01-14,1002,698,175
2021-01-15,1110,704,171
2021-01-16,1610,925,172
2021-01-17,1925,1026,164
2021-01-18,1385,883,168
2021-01-19,954,650,160
2021-01-20,828,629,154
2021-01-21,956,691,158
2021-01-22,989,698,164
2021-01-23,1290,880,164
2021-01-24,1390,861,166
2021-01-25,938,667,154
2021-01-26,755,602,151
2021-01-27,922,738,154
2021-01-28,848,652,158
2021-01-29,732,604,141
2021-01-30,1347,927,170
2021-01-31,1537,944,175
2021-02-01,679,604,124
2021-02-02,681,623,135
2021-02-03,792,648,150
2021-02-04,1018,766,159
2021-02-05,937,721,153
2021-02-06,1635,1004,171
2021-02-07,1016,759,151
2021-02-08,878,701,153
2021-02-09,728,647,143
2021-02-10,909,731,153
2021-02-11,872,716,152
2021-02-12,3305,2542,159
2021-02-13,4396,3169,171
2021-02-14,4282,3229,172
2021-02-15,3084,2459,169
2021-02-16,845,748,147
2021-02-17,1098,828,153
2021-02-18,792,686,144
2021-02-19,800,691,143
2021-02-20,1416,984,165
2021-02-21,1600,1082,168
2021-02-22,706,614,145
2021-02-23,852,663,150
2021-02-24,1156,886,160
2021-02-25,922,756,151
2021-02-26,1330,921,167
2021-02-27,1302,933,155
2021-02-28,1499,957,164
2021-03-01,766,631,150
2021-03-02,764,680,144
2021-03-03,1281,932,161
2021-03-04,941,752,166
2021-03-05,940,758,150
2021-03-06,1507,1002,171
2021-03-07,1700,1085,166
2021-03-08,966,785,159
2021-03-09,1500,1030,169
2021-03-10,1534,1076,161
2021-03-11,1556,1079,168
2021-03-12,1610,1085,163
2021-03-13,1935,1195,176
2021-03-14,1508,1046,164
2021-03-15,1016,734,156
2021-03-16,1121,782,159
2021-03-17,1381,909,165
2021-03-18,733,641,143
2021-03-19,999,803,164
2021-03-20,2249,1287,174
2021-03-21,2051,1321,178
2021-03-22,1371,1001,168
2021-03-23,1404,1015,162
2021-03-24,1016,810,162
2021-03-25,1500,1011,157
2021-03-26,1064,852,161
2021-03-27,2276,1372,172
2021-03-28,1104,805,167
2021-03-29,1066,846,158
2021-03-30,1626,1119,176
2021-03-31,1258,894,170
2021-04-01,1008,828,165
2021-04-02,1212,998,175
2021-04-03,1913,1273,177
2021-04-04,1769,1293,178
2021-04-05,1364,1037,178
2021-04-06,1462,1038,174
2021-04-07,1546,1114,187
2021-04-08,1547,1157,186
2021-04-09,1352,1020,180
2021-04-10,2163,1408,190
2021-04-11,1606,914,182
2021-04-12,965,760,175
2021-04-13,1553,1091,186
2021-04-14,1635,1161,199
2021-04-15,946,767,174
2021-04-16,1183,909,184
2021-04-17,2003,1298,197
2021-04-18,2127,1429,197
2021-04-19,1570,1126,205
2021-04-20,1416,1079,198
2021-04-21,1171,933,196
2021-04-22,980,822,195
2021-04-23,1580,1146,202
2021-04-24,2489,1618,218
2021-04-25,1738,1171,217
2021-04-26,1191,923,206
2021-04-27,1694,1228,219
2021-04-28,1970,1377,230
2021-04-29,1429,1121,228
2021-04-30,1512,1121,231
2021-05-01,2424,1667,235
2021-05-02,2692,1799,247
2021-05-03,2082,1497,241
2021-05-04,2156,1571,245
2021-05-05,1675,1267,248
2021-05-06,2467,1729,244
2021-05-07,2155,1547,244
2021-05-08,5330,2346,265
2021-05-09,2279,1667,247
2021-05-10,1854,1359,246
2021-05-11,1860,1393,249
2021-05-12,2011,1460,251
2021-05-13,2059,1466,254
2021-05-14,2160,1466,259
2021-05-15,3242,1760,269
2021-05-16,2682,1643,253
2021-05-17,1806,1278,246
2021-05-18,1718,1266,245
2021-05-19,1708,1242,249
2021-05-20,1763,1172,256
2021-05-21,1696,1159,255
2021-05-22,2119,1327,255
2021-05-23,1803,1213,252
2021-05-24,1446,936,244
2021-05-25,1411,1012,241
2021-05-26,1082,877,246
2021-05-27,1324,996,249
2021-05-28,1043,753,234
2021-05-29,1115,774,246
2021-05-30,1161,762,232
2021-05-31,1823,1163,252
2021-06-01,1337,910,242
2021-06-02,1237,818,243
2021-06-03,926,668,234
2021-06-04,1075,820,234
2021-06-05,1443,1003,234
2021-06-06,1610,986,241
2021-06-07,973,688,237
2021-06-08,835,650,230
2021-06-09,1009,710,230
2021-06-10,1256,807,237
2021-06-11,1177,793,233
2021-06-12,1627,994,245
2021-06-13,1465,970,241
2021-06-14,777,607,212
2021-06-15,919,676,219
2021-06-16,1013,747,222
2021-06-17,1290,795,221
2021-06-18,1127,761,227
2021-06-19,1198,879,231
2021-06-20,1290,910,227
2021-06-21,858,618,216
2021-06-22,758,609,225
2021-06-23,1141,793,223
2021-06-24,1052,750,224
2021-06-25,1068,747,221
2021-06-26,1433,859,229
2021-06-27,1388,808,220
2021-06-28,804,580,218
2021-06-29,838,608,226
2021-06-30,709,583,228
2021-07-01,1014,650,225
2021-07-02,789,622,217
2021-07-03,1140,786,238
2021-07-04,1380,953,236
2021-07-05,1319,887,232
2021-07-06,768,606,222
2021-07-07,932,669,229
2021-07-08,716,596,212
2021-07-09,857,651,228
2021-07-10,1374,874,234
2021-07-11,1145,793,238
2021-07-12,881,624,234
2021-07-13,864,625,230
2021-07-14,791,638,229
2021-07-15,858,640,229
2021-07-16,823,613,227
2021-07-17,819,660,223
2021-07-18,1062,732,229
2021-07-19,937,686,230
2021-07-20,951,671,224
2021-07-21,921,649,233
2021-07-22,1026,721,232
2021-07-23,1009,738,234
2021-07-24,1132,828,240
2021-07-25,1075,729,226
2021-07-26,809,643,223
2021-07-27,772,595,221
2021-07-28,764,612,228
2021-07-29,623,546,220
2021-07-30,844,633,231
2021-07-31,1250,830,236
2021-08-01,960,742,230
2021-08-02,849,688,219
2021-08-03,856,639,234
2021-08-04,814,675,231
2021-08-05,804,662,224
2021-08-06,809,684,234
2021-08-07,922,731,235
2021-08-08,905,712,223
2021-08-09,690,587,220
2021-08-10,705,591,227
2021-08-11,657,566,209
2021-08-12,656,550,224
2021-08-13,675,552,223
2021-08-14,956,706,240
2021-08-15,1149,835,243
2021-08-16,886,680,239
2021-08-17,733,572,233
2021-08-18,677,571,224
2021-08-19,643,554,218
2021-08-20,799,637,239
2021-08-21,1004,775,240
2021-08-22,868,601,219
2021-08-23,793,617,216
2021-08-24,827,623,222
2021-08-25,782,634,227
2021-08-26,735,575,217
2021-08-27,816,618,234
2021-08-28,1079,734,233
2021-08-29,1104,759,241
2021-08-30,873,588,228
2021-08-31,860,687,226
2021-09-01,685,533,225
2021-09-02,873,684,222
2021-09-03,1052,781,228
2021-09-04,1302,935,241
2021-09-05,1112,780,226
2021-09-06,1146,853,235
2021-09-07,907,741,225
2021-09-08,748,650,220
2021-09-09,749,578,228
2021-09-10,1032,814,235
2021-09-11,1605,1041,245
2021-09-12,1197,916,237
2021-09-13,844,710,227
2021-09-14,1058,848,242
2021-09-15,754,661,228
2021-09-16,973,741,228
2021-09-17,899,718,222
2021-09-18,1183,925,228
2021-09-19,1372,994,245
2021-09-20,849,721,222
2021-09-21,810,670,224
2021-09-22,662,579,222
2021-09-23,614,536,213
2021-09-24,848,694,236
2021-09-25,1378,956,243
2021-09-26,1229,916,241
2021-09-27,795,643,214
2021-09-28,741,605,227
2021-09-29,977,826,231
2021-09-30,956,812,231
2021-10-01,1064,807,230
2021-10-02,1312,978,232
2021-10-03,1028,820,234
2021-10-04,543,497,213
2021-10-05,781,644,228
2021-10-06,994,790,223
2021-10-07,989,791,227
2021-10-08,1006,805,232
2021-10-09,2535,1201,240
2021-10-10,1221,849,235
2021-10-11,1002,806,223
2021-10-12,885,700,212
2021-10-13,867,685,215
2021-10-14,898,702,211
2021-10-15,912,705,218
2021-10-16,861,668,215
2021-10-17,1159,852,225
2021-10-18,822,605,201
2021-10-19,865,689,213
2021-10-20,834,678,202
2021-10-21,791,657,202
2021-10-22,794,656,202
2021-10-23,1203,842,210
2021-10-24,1095,865,217
2021-10-25,664,587,192
2021-10-26,364,359,163
2021-10-27,762,600,187
2021-10-28,938,690,198
2021-10-29,705,575,184
2021-10-30,919,653,188
2021-10-31,922,679,196
2021-11-01,777,581,186
2021-11-02,786,618,187
2021-11-03,766,604,189
2021-11-04,754,584,190
2021-11-05,849,635,184
2021-11-06,1296,852,201
2021-11-07,1087,800,189
2021-11-08,765,627,182
2021-11-09,724,585,176
2021-11-10,733,608,179
2021-11-11,933,667,190
2021-11-12,605,493,172
2021-11-13,994,686,181
2021-11-14,1133,736,183
2021-11-15,577,475,157
2021-11-16,725,549,170
2021-11-17,666,522,163
2021-11-18,584,517,164
2021-11-19,728,542,165
2021-11-20,1247,773,184
2021-11-21,1081,714,183
2021-11-22,576,468,168
2021-11-23,637,499,164
2021-11-24,832,614,173
2021-11-25,798,637,175
2021-11-26,673,524,158
2021-11-27,932,678,173
2021-11-28,1113,706,172
2021-11-29,698,542,165
2021-11-30,710,517,170
2021-12-01,736,537,176
2021-12-02,622,505,162
2021-12-03,730,565,166
2021-12-04,1183,792,178
2021-12-05,1178,819,185
2021-12-06,519,459,150
2021-12-07,645,534,163
2021-12-08,614,487,160
2021-12-09,628,517,166
2021-12-10,744,551,165
2021-12-11,742,559,167
2021-12-12,1116,757,174
2021-12-13,727,546,167
2021-12-14,786,583,172
2021-12-15,576,470,160
2021-12-16,730,557,170
2021-12-17,811,630,171
2021-12-18,1831,711,180
2021-12-19,1924,782,183
2021-12-20,699,550,154
2021-12-21,832,568,158
2021-12-22,548,452,158
2021-12-23,770,564,165
2021-12-24,779,615,170
2021-12-25,494,462,153
2021-12-26,1604,807,180
2021-12-27,939,643,170
2021-12-28,1116,702,171
2021-12-29,1109,656,164
2021-12-30,1005,697,177
2021-12-31,1209,832,178
2022-01-01,2501,1051,177
2022-01-02,2054,1024,186
2022-01-03,998,706,162
2022-01-04,1258,797,172
2022-01-05,980,656,157
2022-01-06,1109,761,170
2022-01-07,826,687,156
2022-01-08,1728,1005,179
2022-01-09,973,740,171
2022-01-10,807,629,164
2022-01-11,716,606,157
2022-01-12,993,692,165
2022-01-13,1183,758,174
2022-01-14,936,688,163
2022-01-15,1180,752,158
2022-01-16,1841,951,173
2022-01-17,876,679,167
2022-01-18,792,612,157
2022-01-19,1029,697,164
2022-01-20,791,585,154
2022-01-21,959,653,158
2022-01-22,1486,923,177
2022-01-23,1461,929,174
2022-01-24,883,649,162
2022-01-25,907,662,170
2022-01-26,776,597,161
2022-01-27,907,634,167
2022-01-28,974,666,168
2022-01-29,862,660,130
2022-01-30,1298,827,160
2022-01-31,797,605,158
2022-02-01,995,698,163
2022-02-02,956,757,164
2022-02-03,533,478,137
2022-02-04,553,514,130
2022-02-05,1241,811,166
2022-02-06,1501,917,165
2022-02-07,771,562,148
2022-02-08,849,629,159
2022-02-09,1059,686,165
2022-02-10,897,664,159
2022-02-11,1026,751,160
2022-02-12,1589,1089,170
2022-02-13,1127,788,151
2022-02-14,587,522,141
2022-02-15,831,619,157
2022-02-16,900,667,159
2022-02-17,838,676,147
2022-02-18,2362,1837,146
2022-02-19,3225,2368,160
2022-02-20,3652,2487,168
2022-02-21,2998,2144,168
2022-02-22,848,713,148
2022-02-23,985,744,153
2022-02-24,1027,719,159
2022-02-25,728,673,140
2022-02-26,1354,892,164
2022-02-27,1300,863,160
2022-02-28,949,693,155
2022-03-01,1010,752,156
2022-03-02,1122,814,168
2022-03-03,852,714,154
2022-03-04,1007,763,163
2022-03-05,1756,1089,167
2022-03-06,1615,1072,170
2022-03-07,909,772,153
2022-03-08,933,739,150
2022-03-09,756,592,157
2022-03-10,1277,879,164
2022-03-11,1370,955,163
2022-03-12,924,760,153
2022-03-13,1504,1008,167
2022-03-14,1222,886,167
2022-03-15,1231,894,170
2022-03-16,1385,1004,169
2022-03-17,1175,843,162
2022-03-18,1488,1075,165
2022-03-19,1722,1125,172
2022-03-20,1586,1055,169
2022-03-21,1139,863,164
2022-03-22,1128,827,162
2022-03-23,960,741,161
2022-03-24,958,697,157
2022-03-25,1113,833,167
2022-03-26,1618,1007,175
2022-03-27,1276,888,177
2022-03-28,722,592,149
2022-03-29,824,677,163
2022-03-30,1016,748,161
2022-03-31,1216,868,173
2022-04-01,1115,823,170
2022-04-02,2127,1346,186
2022-04-03,1282,936,180
2022-04-04,1346,957,180
2022-04-05,1536,1059,187
2022-04-06,1047,770,166
2022-04-07,702,574,172
2022-04-08,1459,1040,181
2022-04-09,1772,1167,195
2022-04-10,1831,1167,194
2022-04-11,1374,999,187
2022-04-12,1656,1214,195
2022-04-13,1678,1178,198
2022-04-14,1550,1146,204
2022-04-15,1676,1214,198
2022-04-16,1853,1302,210
2022-04-17,1605,1186,206
2022-04-18,1360,942,193
2022-04-19,1049,819,191
2022-04-20,1497,1061,195
2022-04-21,1287,950,204
2022-04-22,1772,1270,212
2022-04-23,2176,1431,218
2022-04-24,2625,1702,220
2022-04-25,1653,1193,228
2022-04-26,1429,1058,222
2022-04-27,1248,973,218
2022-04-28,1336,1014,213
2022-04-29,1611,1203,224
2022-04-30,2430,1602,232
2022-05-01,2680,1753,241
2022-05-02,1490,1141,227
2022-05-03,2291,1583,246
2022-05-04,1630,1270,237
2022-05-05,2387,1697,247
2022-05-06,1889,1388,241
2022-05-07,1919,1351,235
2022-05-08,2555,1775,239
2022-05-09,2065,1444,240
2022-05-10,2038,1492,249
2022-05-11,2118,1489,249
2022-05-12,2227,1514,253
2022-05-13,2067,1389,244
2022-05-14,4830,2172,272
2022-05-15,2816,1772,255
2022-05-16,1638,1212,253
2022-05-17,1819,1288,244
2022-05-18,1961,1360,253
2022-05-19,1406,1042,250
2022-05-20,1936,1260,255
2022-05-21,2738,1568,257
2022-05-22,1895,1347,260
2022-05-23,1961,1152,267
2022-05-24,1555,1126,246
2022-05-25,1453,1080,253
2022-05-26,1235,926,244
2022-05-27,1088,824,247
2022-05-28,1543,1024,254
2022-05-29,2138,1284,256
2022-05-30,1831,1157,249
2022-05-31,1040,776,238
2022-06-01,989,750,241
2022-06-02,1241,778,239
2022-06-03,1185,797,238
2022-06-04,1764,1074,243
2022-06-05,1951,1028,241
2022-06-06,1197,805,232
2022-06-07,848,638,225
2022-06-08,1128,792,223
2022-06-09,807,637,217
2022-06-10,1250,864,243
2022-06-11,1736,1049,241
2022-06-12,1340,883,240
2022-06-13,1086,760,223
2022-06-14,1260,818,231
2022-06-15,1005,731,224
2022-06-16,644,569,222
2022-06-17,892,687,227
2022-06-18,1100,772,225
2022-06-19,1272,868,228
2022-06-20,1235,881,228
2022-06-21,783,635,222
2022-06-22,785,597,215
2022-06-23,847,656,223
2022-06-24,1241,831,237
2022-06-25,1490,891,232
2022-06-26,1230,813,229
2022-06-27,754,563,219
2022-06-28,958,693,233
2022-06-29,887,688,211
2022-06-30,906,662,207
2022-07-01,895,680,215
2022-07-02,1136,771,233
2022-07-03,1323,909,229
2022-07-04,1285,849,228
2022-07-05,739,570,215
2022-07-06,910,640,216
2022-07-07,1029,704,221
2022-07-08,1003,708,220
2022-07-09,1313,807,226
2022-07-10,1229,850,226
2022-07-11,811,619,213
2022-07-12,666,539,206
2022-07-13,797,590,225
2022-07-14,861,648,225
2022-07-15,950,704,217
2022-07-16,1060,781,230
2022-07-17,1055,768,231
2022-07-18,555,500,210
2022-07-19,830,608,211
2022-07-20,789,603,227
2022-07-21,794,623,212
2022-07-22,915,670,226
2022-07-23,978,751,228
2022-07-24,859,714,227
2022-07-25,723,567,221
2022-07-26,916,707,220
2022-07-27,833,649,223
2022-07-28,754,580,210
2022-07-29,1007,661,225
2022-07-30,1242,809,234
2022-07-31,1208,828,237
2022-08-01,787,612,220
2022-08-02,871,599,219
2022-08-03,747,595,222
2022-08-04,705,555,211
2022-08-05,761,618,226
2022-08-06,989,732,228
2022-08-07,828,614,229
2022-08-08,662,511,213
2022-08-09,711,568,212
2022-08-10,831,669,227
2022-08-11,820,651,216
2022-08-12,930,724,232
2022-08-13,1153,886,241
2022-08-14,1114,844,235
2022-08-15,1283,656,226
2022-08-16,798,652,223
2022-08-17,763,629,225
2022-08-18,815,671,222
2022-08-19,881,697,231
2022-08-20,1116,806,241
2022-08-21,1092,802,239
2022-08-22,712,568,225
2022-08-23,783,615,229
2022-08-24,891,700,230
2022-08-25,804,677,226
2022-08-26,778,632,225
2022-08-27,1192,867,236
2022-08-28,1124,869,241
2022-08-29,709,607,226
2022-08-30,709,554,210
2022-08-31,798,653,230
2022-09-01,891,719,235
2022-09-02,1051,847,236
2022-09-03,1211,961,235
2022-09-04,1207,879,244
2022-09-05,899,713,233
2022-09-06,663,500,219
2022-09-07,850,663,227
2022-09-08,1011,813,227
2022-09-09,996,834,226
2022-09-10,1683,988,229
2022-09-11,960,751,243
2022-09-12,758,632,222
2022-09-13,747,651,209
2022-09-14,955,787,231
2022-09-15,1044,832,225
2022-09-16,1079,867,225
2022-09-17,1443,1094,252
2022-09-18,1122,913,225
2022-09-19,640,586,214
2022-09-20,847,715,219
2022-09-21,938,790,224
2022-09-22,572,518,212
2022-09-23,902,771,225
2022-09-24,1480,1138,240
2022-09-25,1035,866,232
2022-09-26,879,743,226
2022-09-27,859,732,229
2022-09-28,823,713,213
2022-09-29,1117,866,234
2022-09-30,1180,887,232
2022-10-01,1155,797,228
2022-10-02,1022,810,224
2022-10-03,853,668,215
2022-10-04,654,557,209
2022-10-05,876,699,220
2022-10-06,1075,869,222
2022-10-07,972,855,217
2022-10-08,2781,1495,248
2022-10-09,1257,1043,235
2022-10-10,1079,906,239
2022-10-11,1000,820,229
2022-10-12,881,743,220
2022-10-13,546,491,201
2022-10-14,1010,789,222
2022-10-15,1355,996,229
2022-10-16,1190,910,224
2022-10-17,894,570,203
2022-10-18,792,651,213
2022-10-19,730,617,208
2022-10-20,725,618,203
2022-10-21,909,719,213
2022-10-22,1371,1012,232
2022-10-23,1149,857,226
2022-10-24,729,573,199
2022-10-25,789,631,202
2022-10-26,701,609,199
2022-10-27,836,700,199
2022-10-28,829,706,201
2022-10-29,1203,904,209
2022-10-30,1054,848,203
2022-10-31,659,566,177
2022-11-01,706,568,173
2022-11-02,806,641,190
2022-11-03,866,649,185
2022-11-04,837,660,174
2022-11-05,1204,885,200
2022-11-06,927,726,187
2022-11-07,701,598,169
2022-11-08,758,605,177
2022-11-09,658,562,171
2022-11-10,670,580,175
2022-11-11,704,532,167
2022-11-12,1075,765,180
2022-11-13,895,681,171
2022-11-14,623,539,171
2022-11-15,714,554,161
2022-11-16,567,498,155
2022-11-17,596,506,168
2022-11-18,667,535,172
2022-11-19,1033,764,182
2022-11-20,893,648,177
2022-11-21,656,532,169
2022-11-22,728,565,177
2022-11-23,921,721,174
2022-11-24,876,701,180
2022-11-25,700,571,165
2022-11-26,1296,865,178
2022-11-27,852,630,179
2022-11-28,628,499,165
2022-11-29,693,533,166
2022-11-30,361,328,137
2022-12-01,578,486,157
2022-12-02,853,590,177
2022-12-03,601,420,147
2022-12-04,1130,805,176
2022-12-05,673,558,164
2022-12-06,475,407,152
2022-12-07,467,391,157
2022-12-08,713,554,165
2022-12-09,688,535,168
2022-12-10,1178,713,170
2022-12-11,685,544,163
2022-12-12,641,519,162
2022-12-13,615,480,164
2022-12-14,692,520,162
2022-12-15,470,422,148
2022-12-16,382,352,127
2022-12-17,2440,870,177
2022-12-18,1870,766,179
2022-12-19,702,528,156
2022-12-20,718,568,157
2022-12-21,779,574,163
2022-12-22,567,480,155
2022-12-23,491,424,137
2022-12-24,572,507,140
2022-12-25,593,543,144
2022-12-26,946,678,161
2022-12-27,1040,687,166
2022-12-28,1063,716,160
2022-12-29,1048,714,163
2022-12-30,1120,818,168
2022-12-31,1692,729,166
2023-01-01,2934,1319,178
2023-01-02,2412,1163,180
2023-01-03,761,593,152
2023-01-04,1009,780,157
2023-01-05,1149,743,164
2023-01-06,931,682,161
2023-01-07,1705,1006,175
2023-01-08,1794,1081,174
2023-01-09,924,664,161
2023-01-10,851,638,164
2023-01-11,841,629,168
2023-01-12,603,495,153
2023-01-13,713,590,164
2023-01-14,1865,884,175
2023-01-15,2009,898,169
2023-01-16,1534,935,175
2023-01-17,819,591,167
2023-01-18,826,592,161
2023-01-19,505,425,145
2023-01-20,727,566,159
2023-01-21,1581,890,172
2023-01-22,1383,870,174
2023-01-23,556,454,139
2023-01-24,787,592,163
2023-01-25,736,558,156
2023-01-26,682,526,152
2023-01-27,982,699,172
2023-01-28,2098,1002,181
2023-01-29,1302,857,175
2023-01-30,874,664,160
2023-01-31,796,578,155
2023-02-01,827,590,164
2023-02-02,824,615,164
2023-02-03,516,464,135
2023-02-04,884,684,145
2023-02-05,1350,916,166
2023-02-06,800,621,154
2023-02-07,796,620,158
2023-02-08,862,651,158
2023-02-09,604,526,152
2023-02-10,826,682,159
2023-02-11,1776,984,175
2023-02-12,1831,1076,168
2023-02-13,990,719,159
2023-02-14,969,720,160
2023-02-15,1006,777,159
2023-02-16,910,762,165
2023-02-17,1890,1523,148
2023-02-18,3472,2310,173
2023-02-19,3116,2340,172
2023-02-20,2765,2055,176
2023-02-21,872,726,156
2023-02-22,811,704,162
2023-02-23,740,652,146
2023-02-24,826,657,155
2023-02-25,1171,848,160
2023-02-26,1482,948,173
2023-02-27,1040,728,166
2023-02-28,671,583,151
2023-03-01,930,724,168
2023-03-02,926,705,162
2023-03-03,1051,770,165
2023-03-04,1194,896,163
2023-03-05,1847,1134,175
2023-03-06,1037,764,157
2023-03-07,782,625,158
2023-03-08,817,640,144
2023-03-09,1062,771,176
2023-03-10,1041,770,171
2023-03-11,1351,836,169
2023-03-12,1676,1061,172
2023-03-13,701,545,149
2023-03-14,498,462,133
2023-03-15,755,616,142
2023-03-16,1090,824,166
2023-03-17,1042,765,174
2023-03-18,1898,1140,175
2023-03-19,1319,904,177
2023-03-20,1218,897,164
2023-03-21,1361,973,164
2023-03-22,1269,936,173
2023-03-23,866,730,151
2023-03-24,1288,878,174
2023-03-25,842,645,163
2023-03-26,1971,1315,173
2023-03-27,1081,853,172
2023-03-28,1175,886,169
2023-03-29,1274,961,169
2023-03-30,1078,829,160
2023-03-31,1085,836,167
2023-04-01,1554,1092,174
2023-04-02,2080,1206,182
2023-04-03,1332,1000,173
2023-04-04,1509,1117,175
2023-04-05,1315,968,176
2023-04-06,1548,1155,191
2023-04-07,1647,1203,184
2023-04-08,2221,1448,192
2023-04-09,1904,1354,185
2023-04-10,1592,1156,178
2023-04-11,1430,1062,194
2023-04-12,1521,1151,181
2023-04-13,1558,1150,189
2023-04-14,1742,1321,199
2023-04-15,2081,1437,196
2023-04-16,2018,1458,197
2023-04-17,1095,876,190
2023-04-18,1181,897,192
2023-04-19,1100,887,192
2023-04-20,1490,1132,206
2023-04-21,1901,1383,224
2023-04-22,2038,1391,230
2023-04-23,1861,1261,224
2023-04-24,1495,1107,223
2023-04-25,1546,1140,220
2023-04-26,1483,1145,220
2023-04-27,1618,1154,213
2023-04-28,1563,1070,222
2023-04-29,1142,811,209
2023-04-30,1396,1045,229
2023-05-01,1620,1154,240
2023-05-02,1594,1114,233
2023-05-03,1478,1061,237
2023-05-04,1568,1090,237
2023-05-05,2128,1435,250
2023-05-06,2872,1873,256
2023-05-07,3062,2052,257
2023-05-08,2285,1603,246
2023-05-09,2201,1519,253
2023-05-10,2123,1529,262
2023-05-11,2372,1621,251
2023-05-12,2382,1688,252
2023-05-13,5558,2586,265
2023-05-14,2437,1735,254
2023-05-15,1961,1406,246
2023-05-16,1820,1363,248
2023-05-17,1482,1138,240
2023-05-18,1775,1211,246
2023-05-19,2014,1296,261
2023-05-20,2043,1121,255
2023-05-21,2908,1678,255
2023-05-22,1657,1204,252
2023-05-23,1710,1202,248
2023-05-24,1401,1028,243
2023-05-25,1338,997,240
2023-05-26,1613,1169,249
2023-05-27,2434,1445,247
2023-05-28,2062,1308,245
2023-05-29,1766,1204,241
2023-05-30,1234,904,234
2023-05-31,1378,954,241
2023-06-01,1294,862,238
2023-06-02,1280,868,240
2023-06-03,1927,1068,243
2023-06-04,1844,1106,236
2023-06-05,1268,855,242
2023-06-06,1039,728,235
2023-06-07,888,637,221
2023-06-08,934,688,228
2023-06-09,1172,856,241
2023-06-10,1708,1139,239
2023-06-11,1848,1083,249
2023-06-12,801,613,224
2023-06-13,1194,829,217
2023-06-14,795,599,219
2023-06-15,1328,828,235
2023-06-16,1022,697,226
2023-06-17,1364,925,235
2023-06-18,1643,1084,228
2023-06-19,1436,948,231
2023-06-20,1093,730,215
2023-06-21,1026,723,218
2023-06-22,1042,716,218
2023-06-23,1053,723,218
2023-06-24,1197,768,225
2023-06-25,1535,907,220
2023-06-26,1130,623,216
2023-06-27,943,700,221
2023-06-28,796,603,216
2023-06-29,965,663,220
2023-06-30,1039,690,214
2023-07-01,1293,780,219
2023-07-02,1114,769,229
